comment,our_model,vader
Stock List associated with Electric Vehicle Revolution,1,0.0
Tesla loves movies; especially action movies,1,0.5719
[PC]H: Legenary Weapon W: Violet Flux / Offer,1,-0.296
"Got my cat Tesla a cigar filled with ""meowijiwana,"" and it instantly started the bunny kicks",1,0.0
"@WholeMarsBlog: ""Only criticism ‚Äî and it's a fair one ‚Äî sometimes i'm not on time. But... I get it done. And the Tesla team gets it done"" ‚Äî @elonmusk ‚ÄúI said we would do those things. We did them. We‚Äôre going to do the Robotaxis too‚Äù https://t.co/1P9xBuYv4C",-1,-0.1531
"Front trunk dents near Tesla logo from the factory, did service replace the hood?",1,0.0
Transitioning to Mid-Large SUV from 2014 Mercedes e350 Wagon,1,0.0
ARCHIVE - Replaced Model S door handle micro switch - here‚Äôs what the online guides don‚Äôt tell you in case you want to do it yourself too,-1,0.0772
"[XB1] W: Vampires MMG, DCG, Bear Arm, Power fist FSS +1S, Instigating Deathclaw Gauntlet FSS +1S, Bloodied Knuckles FSS +1S H: List",1,0.0
Tesla software leak reveals HEPA filter with Bioweapon Defense Mode coming to Model Y,1,-0.2263
30 Straight Minutes Of Tesla FSD Driving (No Annoying Music/Commentary),1,-0.2023
We're all guinea pigs for Tesla's latest self-driving tech,1,0.0
[PC] H: BE90 Gatling plasma W: Q2515 Tesla,1,0.0
[XB1] H: TS/E Laser Rifle W: J/E Tesla,1,0.0
CNET: GMC Hummer EV vs. Tesla Cybertruck: Which all-electric pickup reigns supreme? video - Roadshow,-1,0.5574
[XB1] H: JE flamer W: BEFR fixer & BE? Tesla 2:1 or AAE90 plasma 1:1,1,0.0
2 Tesla battery suppliers poised to dominate $129 billion market - Business Insider,1,0.128
[XB1] H: tse90 Tesla W: offers,1,0.0
Tesla referral code for 6 months of free supercharging,1,0.5106
"[PS4] H: Bloodied Tesla, heavy weapons W: Junkies heavy ballistic weapons, .50 cal or 2mm ec ammo",1,-0.7003
"[XB1] H: Weapons, armor and aparell below W: Weapon offers, Bol AP AMR Scout CP/LA/LL/RL, Flux and junk offers",1,-0.6249
Give me your best explanation as to why Tesla‚Äôs price is always sitting at 420 latelyüòÇ,1,0.6369
Electric Vehicle Stocks,1,0.0
