time_created,id,text
2020-10-25 22:41:10,1320495644927295492,"RT @eWhispers: #earnings for the week 

https://t.co/lObOE0dgsr 

$AAPL $AMZN $MSFT $AMD $UPS $FB $SHOP $BA $HAS $PFE $SMPL $MMM $TWLO $GE‚Ä¶"
2020-10-25 22:40:26,1320495461829091328,Crazy week for er guys I will be watching for $FSLY $AAPL $AMZN $TWLO $V $SHOP $SPOT $FB $AMD https://t.co/gqwll7zZ2r
2020-10-25 22:40:24,1320495453780221952,"$ENZC x BioClonetics Mega Merger

Relentless DD

$ENZC an absolute monster

Stars aligning for Epic Run

#mAbs4All‚Ä¶ https://t.co/rH8cBFSTp6"
2020-10-25 22:40:16,1320495422268428291,Join us live at 8.30 pm est.  $BA $MSFT $AAPL $TSLA $Spy $SLV $NG_F #StocksToTrade #stockstowatch https://t.co/ZOpCw2EP3a
2020-10-25 22:39:57,1320495339074424833,"RT @eWhispers: #earnings for the week 

https://t.co/lObOE0dgsr 

$AAPL $AMZN $MSFT $AMD $UPS $FB $SHOP $BA $HAS $PFE $SMPL $MMM $TWLO $GE‚Ä¶"
2020-10-25 22:37:38,1320494756816969728,"RT @StockDweebs: Top stock picks this week:

$AAPL - 4.4%
$ATVI - 4.3%
$BA - 5.4%
$NKE - 2.3%
$ABT - 3.0%

Top watch-list this week:

$CAT‚Ä¶"
2020-10-25 22:37:31,1320494729876828161,"Time to Buy $SILVER?

$spy $spx $qqq $eem $googl $intc $dxy $xlf $vix $xom $googl $tsla $jnj $fb $aapl $gld $pfe‚Ä¶ https://t.co/8GzyXQWQ38"
2020-10-25 22:37:16,1320494663896281088,Verizon's 4.4% Dividend Yield Remains One of the Best in Tech @themotleyfool #stocks $VZ $TMUS $AAPL https://t.co/gnU4EGCjYD
2020-10-25 22:37:13,1320494652148064257,"RT @NorthmanTrader: 14%-21% of $AAPL‚Äôs annual profits come from $GOOGL for building $GOOGL‚Äôs search engine into its products.

Still think‚Ä¶"
2020-10-25 22:37:11,1320494643960795138,"The Futures. Let‚Äôs look at the 30 min. Opens as an Inside bar. 

On @tickertockerapp @RobInTheBlack will just say ‚Äú‚Ä¶ https://t.co/ihf5iK6xWI"
2020-10-25 22:37:05,1320494620237651968,"RT @Investingcom: üí•IT'S #WEEKLYCOMIC TIME!üí•

‚ö†Ô∏èTraders Brace For Flood Of Market-Moving Events In The Week Ahead

‚ö†Ô∏è$GOOGL Earnings (Mon.)‚Ä¶"
2020-10-25 22:36:59,1320494596208627712,@Investingcom Waaaahhhh $aapl gonna bounce of the 50ma waaahhhhhhhh $tlt gonna pop and drop  waaaahhhhhhh watching‚Ä¶ https://t.co/frMD7IsUmO
2020-10-25 22:36:17,1320494418114179072,"RT @SJosephBurns: Big earnings week:

https://t.co/eDYHYwrKxe 

$AAPL $AMZN $MSFT $AMD $UPS $FB $SHOP $BA $HAS $PFE $SMPL $MMM $TWLO $GE $F‚Ä¶"
2020-10-25 22:36:07,1320494376322125824,"Coronavirus Cases Soar; Futures Fall

It's a pivotal week for the market rally. Many leading stocks are close to tr‚Ä¶ https://t.co/iqvADbrMCs"
2020-10-25 22:36:00,1320494344965505025,Monstrous week coming up. $TWLO $ETSY $FSLY $SHOP $LVGO in my portfolio. Thursday after the close might set the ton‚Ä¶ https://t.co/YXWMonQSjh
2020-10-25 22:35:13,1320494147523006464,"RT @BrianFeroldi: If you bought $AAPL 5 years after the iPhone launch, you made a ton of money

If you bought $AMZN 5 years after the AWS l‚Ä¶"
2020-10-25 22:35:00,1320494094062358528,$avgr $wkhs $vxrt $plug $gme $novn $ibio $tsla $snap $nkla $sunw $spaq $ino $idex $opti $fb $mark $xspa $srne $wwr‚Ä¶ https://t.co/FTqCJS4eTA
2020-10-25 22:33:01,1320493594055200769,"RT @SJosephBurns: Big earnings week:

https://t.co/eDYHYwrKxe 

$AAPL $AMZN $MSFT $AMD $UPS $FB $SHOP $BA $HAS $PFE $SMPL $MMM $TWLO $GE $F‚Ä¶"
2020-10-25 22:32:04,1320493354975711234,"RT @Investingcom: ‚ö†Ô∏èMARKETS WEEK AHEAD:

- $AAPL $AMZN $MSFT $GOOGL $FB EARNINGS
- $PFE $MRNA $GILD $BA $CAT $SBUX $V ALSO REPORT
- STIMULU‚Ä¶"
2020-10-25 22:31:24,1320493187589287936,Stay tuned for quarterly earnings and we will see who‚Äôs the big winners and who‚Äôs the losers. I‚Äôm guessing a big wi‚Ä¶ https://t.co/bie0L4miUt
2020-10-25 22:31:10,1320493129628352520,"Futures Down 200 over #Coronavirus Case Count At Daily Record Highs

White House chief says ‚Äòwe're not going to con‚Ä¶ https://t.co/LiqNrNPYBv"
2020-10-25 22:30:48,1320493037840146435,"Apple Inc. (AAPL) surprised the market with Q2 result. Bain capital changed the rating to Outperform, as Apple Inc.‚Ä¶ https://t.co/rHiWcwpiby"
2020-10-25 22:30:15,1320492901659480065,"RT @eWhispers: #earnings for the week 

https://t.co/lObOE0dgsr 

$AAPL $AMZN $MSFT $AMD $UPS $FB $SHOP $BA $HAS $PFE $SMPL $MMM $TWLO $GE‚Ä¶"
2020-10-25 22:29:45,1320492773234085888,RT @BW: This is how Apple is pushing back against patent trolls https://t.co/QxkvJyU7we
2020-10-25 22:28:33,1320492470904459265,RT @BW: This is how Apple is pushing back against patent trolls https://t.co/QxkvJyU7we
2020-10-25 22:28:02,1320492340348395523,RT @BW: This is how Apple is pushing back against patent trolls https://t.co/QxkvJyU7we
2020-10-25 22:27:44,1320492265161175044,RT @BW: This is how Apple is pushing back against patent trolls https://t.co/QxkvJyU7we
2020-10-25 22:27:25,1320492184785854465,This is how Apple is pushing back against patent trolls https://t.co/QxkvJyU7we
2020-10-25 22:25:33,1320491717758492672,"$SPAQ Here we go üìâü§ëüí∞

$VIX $SPY $FED $QQQ $DJIA $IWM $TAN $FSLR $OXY $XOM $RUN $JKS $MSFT $BP $AMZN $CGC $RTX $SWBI‚Ä¶ https://t.co/Waw4B5Ql5T"
2020-10-25 22:25:06,1320491603853774848,"RT @BauerFavatam: @kylewdennis Took a 6% win today on the AAPL puts. In at 3.52 out at 3.74. In baseball terms, the pitcher has thrown a fe‚Ä¶"
2020-10-25 22:24:46,1320491520135434241,"RT @Investingcom: ‚ö†Ô∏èMARKETS WEEK AHEAD:

- $AAPL $AMZN $MSFT $GOOGL $FB EARNINGS
- $PFE $MRNA $GILD $BA $CAT $SBUX $V ALSO REPORT
- STIMULU‚Ä¶"
2020-10-25 22:24:33,1320491465424785409,"RT @eWhispers: #earnings for the week 

https://t.co/lObOE0dgsr 

$AAPL $AMZN $MSFT $AMD $UPS $FB $SHOP $BA $HAS $PFE $SMPL $MMM $TWLO $GE‚Ä¶"
2020-10-25 22:24:16,1320491393450676225,"RT @Investingcom: üí•IT'S #WEEKLYCOMIC TIME!üí•

‚ö†Ô∏èTraders Brace For Flood Of Market-Moving Events In The Week Ahead

‚ö†Ô∏è$GOOGL Earnings (Mon.)‚Ä¶"
2020-10-25 22:24:15,1320491389696684032,"RT @EliteOptions2: $AAPL - Earnings Trade Idea - Oct 30 121C - bid/ask: 1.32/1.34

Closed at 115.04 on Friday

If AAPL can hold above 114 i‚Ä¶"
2020-10-25 22:23:16,1320491140924215301,"sector tecnol√≥gico tambi√©n publican sus informes; Microsoft $MSFT presenta resultados el martes y Apple $AAPL, Face‚Ä¶ https://t.co/YSKKeCkRQW"
2020-10-25 22:22:25,1320490927115309056,"RT @like_conglomera: $AAPL $APPS $AYX $BLFS $CMPS $DDOG $DKNG $FB $FLGT $FSLY ‰ªñ
Anthony Ohayon„Åï„Çì„Å´„Çà„Çã„ÉÅ„É£„Éº„ÉàÂàÜÊûê„ÄÇ https://t.co/B5DH9lPMkb"
2020-10-25 22:22:11,1320490868147658754,"Balances $Cedears para esta semana:

Jueves: Nokia $NOKA - Moderna $MRNA - Apple $AAPL - Facebook $FB - Twitter‚Ä¶ https://t.co/cKiQSrV5np"
2020-10-25 22:21:55,1320490803316191232,"RT @DontFeedBear: It‚Äôs a sign, Buy $AAPL Monday üòÇüòÇ https://t.co/P4sYzzui3n"
2020-10-25 22:21:11,1320490616006955010,"RT @BrianFeroldi: If you bought $AAPL 5 years after the iPhone launch, you made a ton of money

If you bought $AMZN 5 years after the AWS l‚Ä¶"
2020-10-25 22:21:05,1320490593936695300,RT @musicnews360: $AAPL $TSLA $MSFT $SPY $AMZN $NVDA $FB $GOOG $DIS $INO $INTC $BAC $JNJ $SQ $SHOP $WMT $V $HD #music #entertainment #music‚Ä¶
2020-10-25 22:21:01,1320490574546411520,RT @AWMCheung: My notes for the week ahead in markets... main focus on tightened restrictions in mainland Europe (IT/SP) as COVID cases con‚Ä¶
2020-10-25 22:20:38,1320490478215811074,"RT @NorthmanTrader: 14%-21% of $AAPL‚Äôs annual profits come from $GOOGL for building $GOOGL‚Äôs search engine into its products.

Still think‚Ä¶"
2020-10-25 22:20:17,1320490390856847361,"RT @Soleyam_asset: Les publications les plus attendues, pr√©vues pour la semaine sont Apple #AAPL, Amazon #AMZN, Microsoft #MSFT, AMD #AMD,‚Ä¶"
2020-10-25 22:20:00,1320490319310426117,$penn $mara $sunw $srne $fsly $wwr $gme $rkt $aal $wkhs $boxl $dkng $xspa $aapl $tsla $opti $snap $vxrt $novn $mark‚Ä¶ https://t.co/dhmclV3sM0
2020-10-25 22:19:57,1320490307490906115,RT @FitradersRick: https://t.co/RawgU8a3pw Market set to run? https://t.co/qr3e8SKYQv $es $spx $nq $nas $dkng $cgc $cura $trul $amzn $aapl‚Ä¶
2020-10-25 22:19:52,1320490286343213057,RT @FitradersRick: https://t.co/RawgU8a3pw WEEKEND ROUND UP ALL THE TOP PLAYS ON WATCH https://t.co/FfEiGiuASt $es $nas $nq $aapl $amd plus‚Ä¶
2020-10-25 22:19:50,1320490276532690946,"$AAPL, dejad que el mercado venga a m√≠! https://t.co/LDJBXtd6DM https://t.co/Hnk91076Jd"
2020-10-25 22:19:38,1320490226221940736,#musicnews360 #indianapolis #oakland #aswan #barka #afyon #kanchipuram #u≈üak #banjul #londrina #chernihiv #haldwani‚Ä¶ https://t.co/9AmxY96xwX
2020-10-25 22:18:14,1320489873833381888,$AAPL $TSLA $MSFT $SPY $AMZN $NVDA $FB $GOOG $DIS $INO $INTC $BAC $JNJ $SQ $SHOP $WMT $V $HD #music #entertainment‚Ä¶ https://t.co/jMI9l3jXud
2020-10-25 22:18:05,1320489838672519171,"RT @StrawHatStocks: Here is my outlook on my personal favorite picks from Eric's/@StockDweebs watchlist this week 10/26-10/30:

$AAPL (have‚Ä¶"
2020-10-25 22:17:39,1320489729238859777,"Top plays for the week:

$Pton looks like it's finding support between 115 &amp; 120 and could breakout.

$Fsly earning‚Ä¶ https://t.co/dN5PIkGWah"
2020-10-25 22:17:05,1320489586867523593,"RT @EliteOptions2: $NCLH - Swing Trade Idea - Jan 15 2021 22.5C - bid/ask: 1.57/1.93

Closed at 18.35 on Friday.

If NCLH can close above 1‚Ä¶"
2020-10-25 22:16:18,1320489388791521284,"RT @EliteOptions2: $AAPL - Earnings Trade Idea - Oct 30 121C - bid/ask: 1.32/1.34

Closed at 115.04 on Friday

If AAPL can hold above 114 i‚Ä¶"
2020-10-25 22:16:07,1320489342222147585,@MoneyMnuchins Stimulus bullish $AAPL mention still bullish
2020-10-25 22:15:59,1320489307539472389,"RT @EliteOptions2: $NCLH - Swing Trade Idea - Jan 15 2021 22.5C - bid/ask: 1.57/1.93

Closed at 18.35 on Friday.

If NCLH can close above 1‚Ä¶"
2020-10-25 22:15:58,1320489306566348800,"RT @Investingcom: üí•IT'S #WEEKLYCOMIC TIME!üí•

‚ö†Ô∏èTraders Brace For Flood Of Market-Moving Events In The Week Ahead

‚ö†Ô∏è$GOOGL Earnings (Mon.)‚Ä¶"
2020-10-25 22:15:58,1320489304418930696,@jdubu37 @Investingcom I‚Äôm thinking that as well. Most of my positions I sold prepping for it only ones I kept were aapl FB tsla clsk plug
2020-10-25 22:15:23,1320489159346278401,"RT @EliteOptions2: $SNOW - Trade Idea - Oct 30 280C - bid/ask: 5.10/5.70

Closed at 265.05 on Friday.

Needs back above 275 to consider cal‚Ä¶"
2020-10-25 22:15:10,1320489103054569474,"RT @ohhushmusic: @BrianFeroldi 100%!! I've been trumpeting for a while that old value is dead, and the new value stocks are $GOOGL $AMZN $F‚Ä¶"
2020-10-25 22:14:36,1320488959399596035,"RT @EliteOptions2: $SNAP - Trade Idea - Oct 30 45C - bid/ask: 1.01/1.02

Closed at 43.17 on Friday. 

Continued to move higher after gappin‚Ä¶"
2020-10-25 22:14:35,1320488958070038529,"@BrianFeroldi 100%!! I've been trumpeting for a while that old value is dead, and the new value stocks are $GOOGL‚Ä¶ https://t.co/tzJ3uxjysy"
2020-10-25 22:12:00,1320488307235631105,$AAPL apple @AppleMusic just distributor like $SPOT @spotify $GOOG @youtubemusic @soundcloud $AMZN @amazonmusic‚Ä¶ https://t.co/mqHSXO84jE
2020-10-25 22:11:47,1320488250268635136,ÿßŸÅÿ™ÿ™ÿßÿ≠ ÿßŸÑŸÅŸäŸàÿ™ÿ¥ÿ±ÿßÿ™ ÿ™ÿ∫ŸäŸäÿ± ÿ∑ŸÅŸäŸÅ ŸÑŸÑÿßÿ≥ŸÅŸÑ .. ÿ£ÿ≥ÿ®Ÿàÿπ ÿ≠ÿßŸÅŸÑ ÿ®ÿßŸÑÿ£ŸÉÿ¥ŸÜ .. ÿ£ŸáŸÖŸáÿß ÿ£ÿπŸÑÿßŸÜ ÿßŸÑÿπŸÖÿßŸÑŸÇÿ© $MSFT $AAPL $GOOGL $FB $AMZN .. Ÿà‚Ä¶ https://t.co/VEMhBgjhlN
2020-10-25 22:09:31,1320487681298608128,"It‚Äôs a sign, Buy $AAPL Monday üòÇüòÇ https://t.co/P4sYzzui3n"
2020-10-25 22:09:10,1320487592761217024,RT @Jayjay74397709: $CGC $DKNG $AAL $SAVE $UAL $WORK $PLAY $DOCU  $ZM $GOOG $GE $BYND $SNAP $SPCE $NFLX $UBER $SHOP $TLRY $AAPL $BA $MSFT $‚Ä¶
2020-10-25 22:08:39,1320487463379492871,"RT @Investingcom: üö® In a week packed with major announcements and earnings, we're focusing on the following 3 stocks:

-Microsoft
-Apple
-A‚Ä¶"
2020-10-25 22:08:33,1320487438851153921,"RT @EliteOptions2: $AAPL - Earnings Trade Idea - Oct 30 121C - bid/ask: 1.32/1.34

Closed at 115.04 on Friday

If AAPL can hold above 114 i‚Ä¶"
2020-10-25 22:08:23,1320487397910581248,"[VIDEO] Big tech earnings, stimulus fight &amp; 9 days till the election.  Pivotal week for equity markets.  $AAPL,‚Ä¶ https://t.co/lpRbipAWqh"
2020-10-25 22:08:14,1320487358807105536,"RT @MizureX5: Apple, Amazon, Boeing, Visa, Pfizer, and Other Stocks for Investors to Watch This Week https://t.co/HTHkkESdzt #Apple $AAPL #‚Ä¶"
2020-10-25 22:08:04,1320487318625669120,"RT @MizureX5: Apple, Amazon, Boeing, Visa, Pfizer, and Other Stocks for Investors to Watch This Week https://t.co/HTHkkESdzt #Apple $AAPL #‚Ä¶"
2020-10-25 22:08:04,1320487318575198209,"RT @EliteOptions2: $SNOW - Trade Idea - Oct 30 280C - bid/ask: 5.10/5.70

Closed at 265.05 on Friday.

Needs back above 275 to consider cal‚Ä¶"
2020-10-25 22:07:42,1320487225923194885,"1000+ Pips Profit in 12 daysüî•‚ù§Ô∏èüöÄ

Check out my Bio to get Telegram link of Free Forex or Crypto Channel. 

Cheers!‚Ä¶ https://t.co/6lnJnqiSIU"
2020-10-25 22:07:40,1320487214913101825,"Apple, Amazon, Boeing, Visa, Pfizer, and Other Stocks for Investors to Watch This Week https://t.co/HTHkkESdzt‚Ä¶ https://t.co/LOoQQzx9MZ"
2020-10-25 22:07:20,1320487133531000832,"$AAPL $121.00 #CALL Oct. 30th

#A MAZING
#P EOPLE
#P USH
#L IMITS 
#E VERYDAY https://t.co/FeXtci8jfo"
2020-10-25 22:06:51,1320487012022030336,$CGC $DKNG $AAL $SAVE $UAL $WORK $PLAY $DOCU  $ZM $GOOG $GE $BYND $SNAP $SPCE $NFLX $UBER $SHOP $TLRY $AAPL $BA‚Ä¶ https://t.co/W53VCfbimW
2020-10-25 22:05:00,1320486544575090688,$wwr $wkhs $fsly $penn $fb $gme $spaq $zm $boxl $opti $ino $aal $xspa $dkng $nkla $msft $srne $ibio $aapl $avgr‚Ä¶ https://t.co/i8lcn0OMV5
2020-10-25 22:03:57,1320486281659310081,"Q3
26Êúà

27ÁÅ´
BMO:‚≠êÔ∏èPFE(Pfizer), MMM, MRK(merck), LLY(eli lilly)
‚≠êÔ∏èACM:AMD, MSFT

28Ê∞¥
ACM:EBAY, ‚≠êÔ∏èGILD, V(visa), PINS‚Ä¶ https://t.co/fSV2JAZIcp"
2020-10-25 22:03:54,1320486267466010625,CityFALCON score gives top rated news for FREE #bigdata $AAPL $TSLA https://t.co/5TwDNEFnih https://t.co/Hjte2Hfroa
2020-10-25 22:03:03,1320486052847648768,"$AAPL - Earnings Trade Idea - Oct 30 121C - bid/ask: 1.32/1.34

Closed at 115.04 on Friday

If AAPL can hold above‚Ä¶ https://t.co/VHya5A16Bx"
2020-10-25 22:02:57,1320486028008980482,"RT @StockDweebs: Top stock picks this week:

$AAPL - 4.4%
$ATVI - 4.3%
$BA - 5.4%
$NKE - 2.3%
$ABT - 3.0%

Top watch-list this week:

$CAT‚Ä¶"
2020-10-25 22:02:40,1320485957485924356,"RT @eWhispers: #earnings for the week 

https://t.co/lObOE0dgsr 

$AAPL $AMZN $MSFT $AMD $UPS $FB $SHOP $BA $HAS $PFE $SMPL $MMM $TWLO $GE‚Ä¶"
2020-10-25 22:02:03,1320485800975437824,"$SNAP - Trade Idea - Oct 30 45C - bid/ask: 1.01/1.02

Closed at 43.17 on Friday. 

Continued to move higher after g‚Ä¶ https://t.co/VAtbWBpRR3"
2020-10-25 22:01:26,1320485646734184449,"RT @EliteOptions2: $SNOW - Trade Idea - Oct 30 280C - bid/ask: 5.10/5.70

Closed at 265.05 on Friday.

Needs back above 275 to consider cal‚Ä¶"
2020-10-25 22:01:17,1320485609031430145,"RT @reciknows: $AAPL 4hr. $AAPL is currently in a downtrend from that last move up, I'm looking for a bounce b/t the .5-.618 retracement. W‚Ä¶"
2020-10-25 22:01:13,1320485593898459139,"RT @AWMCheung: During the upcoming week, 183 S&amp;P 500 companies (including 10 Dow 30 components) are scheduled to report results for Q3 via‚Ä¶"
2020-10-25 22:01:13,1320485592501768195,"RT @Investingcom: üö® In a week packed with major announcements and earnings, we're focusing on the following 3 stocks:

-Microsoft
-Apple
-A‚Ä¶"
2020-10-25 22:01:04,1320485554882899968,"RT @EliteOptions2: $NCLH - Swing Trade Idea - Jan 15 2021 22.5C - bid/ask: 1.57/1.93

Closed at 18.35 on Friday.

If NCLH can close above 1‚Ä¶"
2020-10-25 22:01:02,1320485547392065541,"$SNOW - Trade Idea - Oct 30 280C - bid/ask: 5.10/5.70

Closed at 265.05 on Friday.

Needs back above 275 to conside‚Ä¶ https://t.co/kknObA8Qwh"
2020-10-25 22:00:51,1320485499702657026,"RT @eWhispers: #earnings for the week 

https://t.co/lObOE0dgsr 

$AAPL $AMZN $MSFT $AMD $UPS $FB $SHOP $BA $HAS $PFE $SMPL $MMM $TWLO $GE‚Ä¶"
2020-10-25 22:00:38,1320485446661492736,"RT @AnthonyOhayon: $AAPL. Earnings this week on Thursday. Down about 20% from its recent highs, risk is to the upside IMO, need to see this‚Ä¶"
2020-10-25 22:00:24,1320485388176089088,"Only if I could take a day off this coming Thursday - too many of my portfolio stars reporting bmo üò¨ 

$SHOP $GOOG‚Ä¶ https://t.co/oNyfajSP6s"
2020-10-25 22:00:19,1320485368463085568,@jablamsky $etsy $fvrr $amzn $aapl $fb $ebay
2020-10-25 22:00:02,1320485296853651456,"$NCLH - Swing Trade Idea - Jan 15 2021 22.5C - bid/ask: 1.57/1.93

Closed at 18.35 on Friday.

If NCLH can close ab‚Ä¶ https://t.co/teDESUgN2k"
2020-10-25 22:00:00,1320485285822685184,"RT @JesseCohenInv: Happy Sunday!

*Here Are My #Top5ThingsToKnowThisWeek:

- $AAPL $AMZN $GOOGL $MSFT $FB Earnings
- $PFE $GILD $MRNA Repor‚Ä¶"
2020-10-25 21:59:42,1320485212615266305,"RT @DoNotFadeMe: Real plan for Monday 
26/10 :

$ES
Looking for shorts below 3477 with stops at 3487 looking for 3437 üéØ

$NQ
Looking for lo‚Ä¶"
2020-10-25 21:59:02,1320485042179706880,"RT @MsBliss12: $SNAP, $AAL, $NIO, $NIO, $DPHC, $CLSK, $BLNK, $PLUG, $FLUX $TRNE, $SBE, $PIC, $KCAC, $VLDR, $TSLA, $PINS, $AAPL, $FUV, $SOLO‚Ä¶"
2020-10-25 21:58:51,1320484997908910083,RT @AWMCheung: My notes for the week ahead in markets... main focus on tightened restrictions in mainland Europe (IT/SP) as COVID cases con‚Ä¶
2020-10-25 21:56:56,1320484514536316928,"Apple - such a great business that I will pay $10B+ not to compete against me and I will like it, like it very much. $AAPL"
2020-10-25 21:56:00,1320484281823756288,@Galaxy_Next_Gen I expect a couple big PRS from gaxy eluding back to to this post. Out of all things they could hav‚Ä¶ https://t.co/z5IewLXGqe
2020-10-25 21:55:44,1320484214224150530,"$AAPL looks ready to go, have a C&amp;H that is just about to hit that trend line we have been following. Make sure tha‚Ä¶ https://t.co/ZBK8gho15I"
